PO,U,V,X,Y,Z,P
1,180,350,0.00009,0.07,24,0.02
2,250,350,0.00009,0.07,24,0.02
